{"type":"FeatureCollection","features":[{"type":"FeatureCollection","geometry":{"type":"Point","coordinates":["45,6239331","10,1930733"]},"properties":{"title":"351014230362","description":"LAVAPAVIMENTI BA531D"}},{"type":"FeatureCollection","geometry":{"type":"Point","coordinates":["45,637578","9,556352"]},"properties":{"title":"N16593030","description":"BR 1100 S"}},{"type":"FeatureCollection","geometry":{"type":"Point","coordinates":["45,6309866","9,2751203"]},"properties":{"title":"074732902","description":"BA 551D"}},{"type":"FeatureCollection","geometry":{"type":"Point","coordinates":["45,6715427","9,6117418"]},"properties":{"title":"SLSSL1714T","description":"IDROPULITRICE SSL 170"}},{"type":"FeatureCollection","geometry":{"type":"Point","coordinates":["45,4668","9,1905"]},"properties":{"title":"100406037","description":"BA 531D"}},{"type":"FeatureCollection","geometry":{"type":"Point","coordinates":["45,594779","9,759257"]},"properties":{"title":"112002978","description":"COMAC MEDIA 75BT"}},{"type":"FeatureCollection","geometry":{"type":"Point","coordinates":["45,4668","9,1905"]},"properties":{"title":"3510133302969","description":"Lavapavimenti SCRUBTEC 343.2 a cavo"}},{"type":"FeatureCollection","geometry":{"type":"Point","coordinates":["45,532183","10,369172"]},"properties":{"title":"140320-01175","description":"LAVAPAVIMENTI SHARK 55B"}},{"type":"FeatureCollection","geometry":{"type":"Point","coordinates":["45,6183103","9,2081245"]},"properties":{"title":"150710-c0001521","description":"Aspiratore\/battitappeto"}},{"type":"FeatureCollection","geometry":{"type":"Point","coordinates":["45,5761735","9,3509475"]},"properties":{"title":"150219-0072","description":"R501 USATA"}},{"type":"FeatureCollection","geometry":{"type":"Point","coordinates":["45,3405722","9,2727326"]},"properties":{"title":"120131-00545","description":"SPL 201"}},{"type":"FeatureCollection","geometry":{"type":"Point","coordinates":["45,415181","10,390675"]},"properties":{"title":"150731-00273-1","description":"Lavapavimenti BA 531"}},{"type":"FeatureCollection","geometry":{"type":"Point","coordinates":["45,6944947","9,6698727"]},"properties":{"title":"091005233","description":"Lavapavimenti BA 451D con trazione e nylon"}},{"type":"FeatureCollection","geometry":{"type":"Point","coordinates":["45,292267","9,236651"]},"properties":{"title":"060401366","description":"LAVAPAVIMENTI BA510SD"}},{"type":"FeatureCollection","geometry":{"type":"Point","coordinates":["45,6319665","9,8960629"]},"properties":{"title":"1000660221","description":"SPL 200"}},{"type":"FeatureCollection","geometry":{"type":"Point","coordinates":["45,4668","9,1905"]},"properties":{"title":"86210829","description":"Idropulitrice SRL 200 TSI tubo e lancia"}},{"type":"FeatureCollection","geometry":{"type":"Point","coordinates":["45,585772","8,941339"]},"properties":{"title":"150804C0021747","description":"VARIO 430 NILCO"}},{"type":"FeatureCollection","geometry":{"type":"Point","coordinates":["45,6513805","9,6535097"]},"properties":{"title":"103620511","description":"LAVAPAVIMENTI BA751"}},{"type":"FeatureCollection","geometry":{"type":"Point","coordinates":["45,7089647","9,5475128"]},"properties":{"title":"86180004-11220-19\/07\/0006","description":"Idropulitrice TL132"}},{"type":"FeatureCollection","geometry":{"type":"Point","coordinates":["45,74248","9,470248"]},"properties":{"title":"XXXX","description":"Idropulitrice SPL 200 TSI cpl tubo e lancia"}},{"type":"FeatureCollection","geometry":{"type":"Point","coordinates":["45,6307873","9,5910634"]},"properties":{"title":"86170002","description":"Idropulitrice tl131"}},{"type":"FeatureCollection","geometry":{"type":"Point","coordinates":["45,5272224","9,117601"]},"properties":{"title":"3510142800656","description":"SC 450B"}},{"type":"FeatureCollection","geometry":{"type":"Point","coordinates":["45,39427","9,291851"]},"properties":{"title":"010430-449","description":"SHARK54C"}},{"type":"FeatureCollection","geometry":{"type":"Point","coordinates":["45,59138","9,809259"]},"properties":{"title":"150805-C0016077","description":"Lavapavimenti tRIPLA 65"}},{"type":"FeatureCollection","geometry":{"type":"Point","coordinates":["45,3896766","10,4888745"]},"properties":{"title":"1000044569","description":"BR1100"}},{"type":"FeatureCollection","geometry":{"type":"Point","coordinates":["45,552277","9,619855"]},"properties":{"title":"000447p","description":"TK1000S"}},{"type":"FeatureCollection","geometry":{"type":"Point","coordinates":["45,370221","11,9840665"]},"properties":{"title":"090300961","description":"LAVAPAV.BA751"}},{"type":"FeatureCollection","geometry":{"type":"Point","coordinates":["45,4907352","9,2948204"]},"properties":{"title":"SMT3034","description":"I-MOP non usare"}},{"type":"FeatureCollection","geometry":{"type":"Point","coordinates":["45,4544127","9,3867659"]},"properties":{"title":"85780004-1888-2015\/24-272","description":"RAPIDA 102"}},{"type":"FeatureCollection","geometry":{"type":"Point","coordinates":["45,4059696","10,6313729"]},"properties":{"title":"150715-03609-1","description":"AQU 18.000 I"}},{"type":"FeatureCollection","geometry":{"type":"Point","coordinates":["46,1708212","9,9893554"]},"properties":{"title":"1000543835","description":"SPL 200"}},{"type":"FeatureCollection","geometry":{"type":"Point","coordinates":["45,6701431","9,9635127"]},"properties":{"title":"86540032-003509-2014\/30-0002","description":"Idropulitrice AFC201tst"}},{"type":"FeatureCollection","geometry":{"type":"Point","coordinates":["45,555676","9,537853"]},"properties":{"title":"85010501-152-1002-0095","description":"Lavapavimenti Sprinter"}},{"type":"FeatureCollection","geometry":{"type":"Point","coordinates":["45,6229111","9,6631272"]},"properties":{"title":"0730055149","description":"Aspiratore GWD300"}},{"type":"FeatureCollection","geometry":{"type":"Point","coordinates":["45,6229111","9,6631272"]},"properties":{"title":"0725049600","description":"Aspiratore GWD300"}},{"type":"FeatureCollection","geometry":{"type":"Point","coordinates":["45,6229111","9,6631272"]},"properties":{"title":"8000157529","description":"Lavapavimenti Gansow CT40"}},{"type":"FeatureCollection","geometry":{"type":"Point","coordinates":["45,605184","10,216967"]},"properties":{"title":"SMT3219","description":"I-MOP"}},{"type":"FeatureCollection","geometry":{"type":"Point","coordinates":["45,5976458","10,1094679"]},"properties":{"title":"SF-GE99E297","description":"Lavapavimenti Grynta"}},{"type":"FeatureCollection","geometry":{"type":"Point","coordinates":["45,4310304","9,3109026"]},"properties":{"title":"SMT3283","description":"Lavapavimenti I-MOP cpl"}},{"type":"FeatureCollection","geometry":{"type":"Point","coordinates":["45,3559126","9,2020722"]},"properties":{"title":"3510131201260","description":"Lavapavimenti BR 752"}},{"type":"FeatureCollection","geometry":{"type":"Point","coordinates":["45,4715763","10,29831"]},"properties":{"title":"092414430","description":"BA 531D"}},{"type":"FeatureCollection","geometry":{"type":"Point","coordinates":["45,4842379","10,0532758"]},"properties":{"title":"120718-05671","description":"AQUARIAL 4000 M"}},{"type":"FeatureCollection","geometry":{"type":"Point","coordinates":["45,5263333","9,5214907"]},"properties":{"title":"EE02B336","description":"Lavapavimenti shark"}},{"type":"FeatureCollection","geometry":{"type":"Point","coordinates":["45,7719597","8,6743917"]},"properties":{"title":"080930-07266","description":"SR 1450D"}},{"type":"FeatureCollection","geometry":{"type":"Point","coordinates":["45,540475","9,482052"]},"properties":{"title":"103720774","description":"Lavapavimenti BR 752"}},{"type":"FeatureCollection","geometry":{"type":"Point","coordinates":["45,357971","9,445355"]},"properties":{"title":"140122-00159","description":"SHARK 55"}},{"type":"FeatureCollection","geometry":{"type":"Point","coordinates":["45,4668","9,1905"]},"properties":{"title":"062613297","description":"SR 1301"}},{"type":"FeatureCollection","geometry":{"type":"Point","coordinates":["45,6845152","9,7183764"]},"properties":{"title":"HF2702","description":"Lavapavimenti BR 755"}},{"type":"FeatureCollection","geometry":{"type":"Point","coordinates":["45,265575","10,217574"]},"properties":{"title":"S30-1081","description":"Spazzatrice TENNANT S30"}},{"type":"FeatureCollection","geometry":{"type":"Point","coordinates":["45,2120721","9,2554631"]},"properties":{"title":"10110700047","description":"SR1101B US. FULL-RENT"}},{"type":"FeatureCollection","geometry":{"type":"Point","coordinates":["45,6730421","9,9338341"]},"properties":{"title":"3510130701760","description":"Lavapavimenti BR 752"}},{"type":"FeatureCollection","geometry":{"type":"Point","coordinates":["45,6730421","9,9338341"]},"properties":{"title":"150805-C0014626","description":"Idropulitrice JOLLY"}},{"type":"FeatureCollection","geometry":{"type":"Point","coordinates":["45,5507486","9,3012222"]},"properties":{"title":"150804-00336","description":"Lavapavimenti SHARK 55"}},{"type":"FeatureCollection","geometry":{"type":"Point","coordinates":["45,5138305","8,8519543"]},"properties":{"title":"070320-01724","description":"Lavapavimenti BA410"}},{"type":"FeatureCollection","geometry":{"type":"Point","coordinates":["45,2120721","9,2554631"]},"properties":{"title":"110501-04104","description":"BR 752 FULL RENT"}},{"type":"FeatureCollection","geometry":{"type":"Point","coordinates":["45,5725439","9,4268416"]},"properties":{"title":"3510152405991","description":"BR 752"}},{"type":"FeatureCollection","geometry":{"type":"Point","coordinates":["45,4972605","9,6437404"]},"properties":{"title":"150728-03878","description":"impianto AQU18000I"}},{"type":"FeatureCollection","geometry":{"type":"Point","coordinates":["45,5507486","9,3012222"]},"properties":{"title":"1000407086","description":"MR170 IDROPUL."}},{"type":"FeatureCollection","geometry":{"type":"Point","coordinates":["45,32068","10,580481"]},"properties":{"title":"1014157","description":"TENNANT T3 FAST"}},{"type":"FeatureCollection","geometry":{"type":"Point","coordinates":["45,637181","9,876759"]},"properties":{"title":"56601015","description":"BR 855"}},{"type":"FeatureCollection","geometry":{"type":"Point","coordinates":["45,6466993","9,4659391"]},"properties":{"title":"SMT-0325","description":"IMOP"}},{"type":"FeatureCollection","geometry":{"type":"Point","coordinates":["45,6598764","9,9550703"]},"properties":{"title":"150806-C0021798","description":"RHINO F950"}},{"type":"FeatureCollection","geometry":{"type":"Point","coordinates":["45,5634485","9,9782721"]},"properties":{"title":"1000633190","description":"SSL170"}},{"type":"FeatureCollection","geometry":{"type":"Point","coordinates":["45,50298","10,043665"]},"properties":{"title":"080502581","description":"SPAZZATRICE SR1100SB"}},{"type":"FeatureCollection","geometry":{"type":"Point","coordinates":["45,50298","10,043665"]},"properties":{"title":"150131-00338","description":"LAVAPAVIMENTI BA851 (fullrent intestato SERIOPLAST)"}},{"type":"FeatureCollection","geometry":{"type":"Point","coordinates":["45,531574","9,404651"]},"properties":{"title":"86210939-003610-35\/12-0002","description":"Idropulitrice SRL 200 TSI tubo e lancia"}},{"type":"FeatureCollection","geometry":{"type":"Point","coordinates":["45,586378","9,639955"]},"properties":{"title":"101603530","description":"NON USARE !"}},{"type":"FeatureCollection","geometry":{"type":"Point","coordinates":["45,6424201","9,3656296"]},"properties":{"title":"THOIF263","description":"LAVAPAVIMENTI PANTHER 70"}},{"type":"FeatureCollection","geometry":{"type":"Point","coordinates":["45,688382","9,802257"]},"properties":{"title":"351013410226","description":"BA 531D FULL-RENT"}},{"type":"FeatureCollection","geometry":{"type":"Point","coordinates":["45,5852806","9,6008503"]},"properties":{"title":"85010508-4936-1046-012","description":"Lavapavimenti HOT CLEAN cpl rullo nylon"}},{"type":"FeatureCollection","geometry":{"type":"Point","coordinates":["45,6767028","9,8270544"]},"properties":{"title":"120927 - 07523","description":"AGILE 530"}},{"type":"FeatureCollection","geometry":{"type":"Point","coordinates":["45,518804","10,3541615"]},"properties":{"title":"3810141100066","description":"SR1101B"}},{"type":"FeatureCollection","geometry":{"type":"Point","coordinates":["45,554879","9,83096"]},"properties":{"title":"01738\/10\/2013","description":"VIP 20T FULL-RENT"}},{"type":"FeatureCollection","geometry":{"type":"Point","coordinates":["45,6107705","9,2408409"]},"properties":{"title":"SMT3262","description":"IMOP"}},{"type":"FeatureCollection","geometry":{"type":"Point","coordinates":["45,5852806","9,6008503"]},"properties":{"title":"8.518.0011-09\/16-250","description":"FLORA 36B"}},{"type":"FeatureCollection","geometry":{"type":"Point","coordinates":["45,5976933","9,0180613"]},"properties":{"title":"S010010084","description":"AGILE 530 FULL-RENT"}},{"type":"FeatureCollection","geometry":{"type":"Point","coordinates":["45,4907352","9,2948204"]},"properties":{"title":"001413\/34\/C","description":"VIP 380B FULL-RENT"}},{"type":"FeatureCollection","geometry":{"type":"Point","coordinates":["45,612502","8,9004179"]},"properties":{"title":"EU-04365D","description":"VIP 18C FULL-RENT"}},{"type":"FeatureCollection","geometry":{"type":"Point","coordinates":["45,4803094","9,0553555"]},"properties":{"title":"85741006-51\/11-0203","description":"RAPIDA 86 FULL-RENT"}},{"type":"FeatureCollection","geometry":{"type":"Point","coordinates":["45,4803094","9,0553555"]},"properties":{"title":"3810132500006","description":"SR1101B FULL-RENT"}},{"type":"FeatureCollection","geometry":{"type":"Point","coordinates":["45,7001654","8,7683151"]},"properties":{"title":"00376\/18\/2010","description":"VIP20 US FULL-RENT"}},{"type":"FeatureCollection","geometry":{"type":"Point","coordinates":["45,4462449","9,0335277"]},"properties":{"title":"110430-02449","description":"SR1300B US FULL-RENT"}},{"type":"FeatureCollection","geometry":{"type":"Point","coordinates":["45,4462449","9,0335277"]},"properties":{"title":"N1914522","description":"BR700 US FULL-RENT"}},{"type":"FeatureCollection","geometry":{"type":"Point","coordinates":["45,1793292","9,6483958"]},"properties":{"title":"3810120600047","description":"SR1101B FULL-RENT"}},{"type":"FeatureCollection","geometry":{"type":"Point","coordinates":["45,649723","9,2053919"]},"properties":{"title":"9084701010","description":"SW750 FULL-RENT"}},{"type":"FeatureCollection","geometry":{"type":"Point","coordinates":["45,5717302","9,028461"]},"properties":{"title":"150717-C0004255","description":"ECO48"}},{"type":"FeatureCollection","geometry":{"type":"Point","coordinates":["45,8000916","8,8781675"]},"properties":{"title":"01798\/31\/2011","description":"VIP20 FULL-RENT"}},{"type":"FeatureCollection","geometry":{"type":"Point","coordinates":["45,5495374","9,3818421"]},"properties":{"title":"S010010079","description":"AGILE 530"}},{"type":"FeatureCollection","geometry":{"type":"Point","coordinates":["45,6256764","9,0373283"]},"properties":{"title":"3510141102620","description":"BR752 FULL-RENT"}},{"type":"FeatureCollection","geometry":{"type":"Point","coordinates":["45,6256764","9,0373283"]},"properties":{"title":"1000767009","description":"SPL 200 FULL-RENT no ore"}},{"type":"FeatureCollection","geometry":{"type":"Point","coordinates":["45,6404915","9,6844583"]},"properties":{"title":"3810150200004","description":"CA340 FULL-RENT"}},{"type":"FeatureCollection","geometry":{"type":"Point","coordinates":["45,5191887","9,3619763"]},"properties":{"title":"140531-03159","description":"SC450B FULL-RENT"}},{"type":"FeatureCollection","geometry":{"type":"Point","coordinates":["45,4462449","9,0335277"]},"properties":{"title":"3510132604783","description":"SC450B FULL-RENT \nno contaore"}},{"type":"FeatureCollection","geometry":{"type":"Point","coordinates":["45,4803094","9,0553555"]},"properties":{"title":"101117-06370","description":"BA410 FULL-RENT"}},{"type":"FeatureCollection","geometry":{"type":"Point","coordinates":["45,6944947","9,6698727"]},"properties":{"title":"150807-C0007578","description":"BA 531D"}},{"type":"FeatureCollection","geometry":{"type":"Point","coordinates":["45,711994","10,0822354"]},"properties":{"title":"ABF426","description":"RAVO 5002 US - FULL-RENT"}},{"type":"FeatureCollection","geometry":{"type":"Point","coordinates":["45,3138959","9,503263"]},"properties":{"title":"381014110067","description":"SR1101B FULL-RENT"}},{"type":"FeatureCollection","geometry":{"type":"Point","coordinates":["45,3138959","9,503263"]},"properties":{"title":"85741006-1107-2014\/1","description":"RAPIDA 86 FULL-RENT"}},{"type":"FeatureCollection","geometry":{"type":"Point","coordinates":["45,1528163","8,8292093"]},"properties":{"title":"3810150200060","description":"SW4000B FULL-RENT"}},{"type":"FeatureCollection","geometry":{"type":"Point","coordinates":["45,1860043","9,1546375"]},"properties":{"title":"85780016-785-2015\/09-0222 NON USARE","description":"NON USARE errato inserimento"}},{"type":"FeatureCollection","geometry":{"type":"Point","coordinates":["45,2647203","9,4902448"]},"properties":{"title":"3810151400044","description":"SW 4000B FULL-RENT"}},{"type":"FeatureCollection","geometry":{"type":"Point","coordinates":["45,2647203","9,4902448"]},"properties":{"title":"85780016-1612-2015\/13-0224","description":"RAPIDA102 FULL-RENT"}},{"type":"FeatureCollection","geometry":{"type":"Point","coordinates":["45,6165708","9,4658582"]},"properties":{"title":"300113039","description":"BR855 FULL-RENT"}},{"type":"FeatureCollection","geometry":{"type":"Point","coordinates":["45,3658483","8,9245144"]},"properties":{"title":"xx85790001-919-2014\/26-02-39","description":"RAPIDA 86 FULL-RENT"}},{"type":"FeatureCollection","geometry":{"type":"Point","coordinates":["45,5445133","9,1676207"]},"properties":{"title":"3810140300001","description":"SR1000SB FULL-RENT"}},{"type":"FeatureCollection","geometry":{"type":"Point","coordinates":["45,5670385","9,9986008"]},"properties":{"title":"SMT 0476","description":"I-MOP"}},{"type":"FeatureCollection","geometry":{"type":"Point","coordinates":["45,6039807","9,3005709"]},"properties":{"title":"85780016-3976-2014\/40-0216","description":"RAPIDA102 FULL-RENT"}},{"type":"FeatureCollection","geometry":{"type":"Point","coordinates":["45,373069","9,211149"]},"properties":{"title":"120808-04826","description":"BA530 US - FULL-RENT"}},{"type":"FeatureCollection","geometry":{"type":"Point","coordinates":["45,487969","8,952442"]},"properties":{"title":"3810135000053","description":"SW4000B FULL-RENT\nTERMINATO CT. 40"}},{"type":"FeatureCollection","geometry":{"type":"Point","coordinates":["45,487969","8,952442"]},"properties":{"title":"140711-04113","description":"BR1300SC USATA FULL-RENT"}},{"type":"FeatureCollection","geometry":{"type":"Point","coordinates":["45,5761735","9,3509475"]},"properties":{"title":"9084310010","description":"SR1101B"}},{"type":"FeatureCollection","geometry":{"type":"Point","coordinates":["45,19962","10,13653"]},"properties":{"title":"3510133807534","description":"Lavapavimenti BA 611 con trazione"}}]}