
{
  "header": {
    "reportVersion": 1,
    "event": "Allocation failed - JavaScript heap out of memory",
    "trigger": "FatalError",
    "filename": "report.20191125.112258.18896.0.001.json",
    "dumpEventTime": "2019-11-25T11:22:58Z",
    "dumpEventTimeStamp": "1574677378502",
    "processId": 18896,
    "cwd": "C:\\Users\\loren\\Desktop\\template",
    "commandLine": [
      "C:\\Program Files\\nodejs\\node.exe",
      "monitor.js"
    ],
    "nodejsVersion": "v12.13.0",
    "wordSize": 64,
    "arch": "x64",
    "platform": "win32",
    "componentVersions": {
      "node": "12.13.0",
      "v8": "7.7.299.13-node.12",
      "uv": "1.32.0",
      "zlib": "1.2.11",
      "brotli": "1.0.7",
      "ares": "1.15.0",
      "modules": "72",
      "nghttp2": "1.39.2",
      "napi": "5",
      "llhttp": "1.1.4",
      "http_parser": "2.8.0",
      "openssl": "1.1.1d",
      "cldr": "35.1",
      "icu": "64.2",
      "tz": "2019a",
      "unicode": "12.1"
    },
    "release": {
      "name": "node",
      "lts": "Erbium",
      "headersUrl": "https://nodejs.org/download/release/v12.13.0/node-v12.13.0-headers.tar.gz",
      "sourceUrl": "https://nodejs.org/download/release/v12.13.0/node-v12.13.0.tar.gz",
      "libUrl": "https://nodejs.org/download/release/v12.13.0/win-x64/node.lib"
    },
    "osName": "Windows_NT",
    "osRelease": "10.0.18363",
    "osVersion": "Windows 10 Pro",
    "osMachine": "x86_64",
    "cpus": [
      {
        "model": "Intel(R) Core(TM) i7-8565U CPU @ 1.80GHz",
        "speed": 1992,
        "user": 11456375,
        "nice": 0,
        "sys": 13275953,
        "idle": 95662328,
        "irq": 2165609
      },
      {
        "model": "Intel(R) Core(TM) i7-8565U CPU @ 1.80GHz",
        "speed": 1992,
        "user": 9405937,
        "nice": 0,
        "sys": 6150671,
        "idle": 104837703,
        "irq": 326640
      },
      {
        "model": "Intel(R) Core(TM) i7-8565U CPU @ 1.80GHz",
        "speed": 1992,
        "user": 14316203,
        "nice": 0,
        "sys": 8892875,
        "idle": 97185250,
        "irq": 236953
      },
      {
        "model": "Intel(R) Core(TM) i7-8565U CPU @ 1.80GHz",
        "speed": 1992,
        "user": 11251015,
        "nice": 0,
        "sys": 6306390,
        "idle": 102836921,
        "irq": 163546
      },
      {
        "model": "Intel(R) Core(TM) i7-8565U CPU @ 1.80GHz",
        "speed": 1992,
        "user": 12947781,
        "nice": 0,
        "sys": 8070843,
        "idle": 99375687,
        "irq": 234687
      },
      {
        "model": "Intel(R) Core(TM) i7-8565U CPU @ 1.80GHz",
        "speed": 1992,
        "user": 9586468,
        "nice": 0,
        "sys": 6593765,
        "idle": 104214078,
        "irq": 167718
      },
      {
        "model": "Intel(R) Core(TM) i7-8565U CPU @ 1.80GHz",
        "speed": 1992,
        "user": 13722796,
        "nice": 0,
        "sys": 8007062,
        "idle": 98664453,
        "irq": 226687
      },
      {
        "model": "Intel(R) Core(TM) i7-8565U CPU @ 1.80GHz",
        "speed": 1992,
        "user": 12670031,
        "nice": 0,
        "sys": 6640265,
        "idle": 101084015,
        "irq": 144250
      }
    ],
    "networkInterfaces": [
      {
        "name": "Ethernet",
        "internal": false,
        "mac": "6c:2b:59:54:8e:93",
        "address": "fe80::4df7:83f9:3d46:ba4",
        "netmask": "ffff:ffff:ffff:ffff::",
        "family": "IPv6",
        "scopeid": 18
      },
      {
        "name": "Ethernet",
        "internal": false,
        "mac": "6c:2b:59:54:8e:93",
        "address": "10.28.1.7",
        "netmask": "255.255.128.0",
        "family": "IPv4"
      },
      {
        "name": "Loopback Pseudo-Interface 1",
        "internal": true,
        "mac": "00:00:00:00:00:00",
        "address": "::1",
        "netmask": "ffff:ffff:ffff:ffff:ffff:ffff:ffff:ffff",
        "family": "IPv6",
        "scopeid": 0
      },
      {
        "name": "Loopback Pseudo-Interface 1",
        "internal": true,
        "mac": "00:00:00:00:00:00",
        "address": "127.0.0.1",
        "netmask": "255.0.0.0",
        "family": "IPv4"
      }
    ],
    "host": "NEOS-LR01"
  },
  "javascriptStack": {
    "message": "No stack.",
    "stack": [
      "Unavailable."
    ]
  },
  "nativeStack": [
    {
      "pc": "0x00007ff713eb1389",
      "symbol": "std::basic_ostream<char,std::char_traits<char> >::operator<<+10873"
    },
    {
      "pc": "0x00007ff713eb57cc",
      "symbol": "std::basic_ostream<char,std::char_traits<char> >::operator<<+28348"
    },
    {
      "pc": "0x00007ff713eb4778",
      "symbol": "std::basic_ostream<char,std::char_traits<char> >::operator<<+24168"
    },
    {
      "pc": "0x00007ff713fa332b",
      "symbol": "v8::base::CPU::has_sse+37723"
    },
    {
      "pc": "0x00007ff7147a6f4e",
      "symbol": "v8::Isolate::ReportExternalAllocationLimitReached+94"
    },
    {
      "pc": "0x00007ff71478ef91",
      "symbol": "v8::SharedArrayBuffer::Externalize+833"
    },
    {
      "pc": "0x00007ff71465c85c",
      "symbol": "v8::internal::Heap::EphemeronKeyWriteBarrierFromCode+1436"
    },
    {
      "pc": "0x00007ff71467287d",
      "symbol": "v8::internal::Factory::AllocateRawFixedArray+61"
    },
    {
      "pc": "0x00007ff714679c34",
      "symbol": "v8::internal::Factory::NewFixedArrayWithFiller+52"
    },
    {
      "pc": "0x00007ff714679bf1",
      "symbol": "v8::internal::Factory::NewFixedArray+65"
    },
    {
      "pc": "0x00007ff71455aa1f",
      "symbol": "v8::Message::GetIsolate+6767"
    },
    {
      "pc": "0x00007ff71440e55a",
      "symbol": "v8::internal::OrderedHashMap::ValueAt+61274"
    },
    {
      "pc": "0x00007ff714bd2c6d",
      "symbol": "v8::internal::SetupIsolateDelegate::SetupHeap+567949"
    },
    {
      "pc": "0x0000039759d34992",
      "symbol": ""
    }
  ],
  "javascriptHeap": {
    "totalMemory": 1137373184,
    "totalCommittedMemory": 1137373184,
    "usedMemory": 1106552896,
    "availableMemory": 1090721144,
    "memoryLimit": 2197815296,
    "heapSpaces": {
      "read_only_space": {
        "memorySize": 262144,
        "committedMemory": 262144,
        "capacity": 261872,
        "used": 32296,
        "available": 229576
      },
      "new_space": {
        "memorySize": 33554432,
        "committedMemory": 33554432,
        "capacity": 16759808,
        "used": 3740352,
        "available": 13019456
      },
      "old_space": {
        "memorySize": 278507520,
        "committedMemory": 278507520,
        "capacity": 278084696,
        "used": 278084696,
        "available": 0
      },
      "code_space": {
        "memorySize": 425984,
        "committedMemory": 425984,
        "capacity": 401408,
        "used": 329664,
        "available": 71744
      },
      "map_space": {
        "memorySize": 528384,
        "committedMemory": 528384,
        "capacity": 527568,
        "used": 329120,
        "available": 198448
      },
      "large_object_space": {
        "memorySize": 824045568,
        "committedMemory": 824045568,
        "capacity": 824033216,
        "used": 824033216,
        "available": 0
      },
      "code_large_object_space": {
        "memorySize": 49152,
        "committedMemory": 49152,
        "capacity": 3552,
        "used": 3552,
        "available": 0
      },
      "new_large_object_space": {
        "memorySize": 0,
        "committedMemory": 0,
        "capacity": 16759808,
        "used": 0,
        "available": 16759808
      }
    }
  },
  "resourceUsage": {
    "userCpuSeconds": 36.484,
    "kernelCpuSeconds": 3.125,
    "cpuConsumptionPercent": 1.34633,
    "maxRss": 1609793536,
    "pageFaults": {
      "IORequired": 777989,
      "IONotRequired": 0
    },
    "fsActivity": {
      "reads": 149,
      "writes": 6
    }
  },
  "libuv": [
  ],
  "environmentVariables": {
    "ALLUSERSPROFILE": "C:\\ProgramData",
    "APPDATA": "C:\\Users\\loren\\AppData\\Roaming",
    "ChocolateyInstall": "C:\\ProgramData\\chocolatey",
    "ChocolateyLastPathUpdate": "132173291623752245",
    "CLASSPATH": "C:\\Program Files (x86)\\SAP\\SAP Business One DI API\\JCO\\LIB\\sbowrapper.jar;C:\\Program Files (x86)\\SAP\\SAP Business One DI API\\JCO\\LIB\\sboapi.jar",
    "CommonProgramFiles": "C:\\Program Files\\Common Files",
    "CommonProgramFiles(x86)": "C:\\Program Files (x86)\\Common Files",
    "CommonProgramW6432": "C:\\Program Files\\Common Files",
    "COMPUTERNAME": "NEOS-LR01",
    "ComSpec": "C:\\WINDOWS\\system32\\cmd.exe",
    "DriverData": "C:\\Windows\\System32\\Drivers\\DriverData",
    "FPS_BROWSER_APP_PROFILE_STRING": "Internet Explorer",
    "FPS_BROWSER_USER_PROFILE_STRING": "Default",
    "HOMEDRIVE": "C:",
    "HOMEPATH": "\\Users\\loren",
    "JAVA_HOME": "C:\\Program Files (x86)\\SAP\\SAP Business One ServerTools\\Common\\sapjvm_8",
    "LOCALAPPDATA": "C:\\Users\\loren\\AppData\\Local",
    "LOGONSERVER": "\\\\NEOS-LR01",
    "NUMBER_OF_PROCESSORS": "8",
    "OneDrive": "C:\\Users\\loren\\OneDrive - Neosperience S.p.A",
    "OneDriveCommercial": "C:\\Users\\loren\\OneDrive - Neosperience S.p.A",
    "OneDriveConsumer": "C:\\Users\\loren\\OneDrive",
    "OS": "Windows_NT",
    "Path": "C:\\Python27\\;C:\\Python27\\Scripts;C:\\Windows\\system32;C:\\Windows;C:\\Windows\\System32\\Wbem;C:\\Windows\\System32\\WindowsPowerShell\\v1.0\\;C:\\Windows\\System32\\OpenSSH\\;C:\\Program Files (x86)\\NVIDIA Corporation\\PhysX\\Common;C:\\Program Files\\NVIDIA Corporation\\NVIDIA NvDLISR;C:\\Program Files (x86)\\Microsoft SQL Server\\140\\DTS\\Binn\\;C:\\Program Files\\Microsoft SQL Server\\140\\DTS\\Binn\\;C:\\Program Files\\Microsoft SQL Server\\Client SDK\\ODBC\\130\\Tools\\Binn\\;C:\\Program Files (x86)\\Microsoft SQL Server\\140\\Tools\\Binn\\;C:\\Program Files\\Microsoft SQL Server\\140\\Tools\\Binn\\;C:\\Program Files (x86)\\Microsoft SQL Server\\150\\DTS\\Binn\\;C:\\Program Files\\dotnet\\;C:\\Program Files (x86)\\SAP\\SAP Business One ServerTools\\LicenseHTTPS\\webapps\\lib;C:\\Program Files (x86)\\SAP\\SAP Business One ServerTools\\Common\\sapjvm_8\\jre\\bin;C:\\Program Files (x86)\\SAP\\SAP Business One ServerTools\\Common\\tomcat\\bin;C:\\Program Files (x86)\\SAP\\SAP Business One ServerTools\\Common\\sapjvm_8\\jre\\bin\\server;C:\\Program Files (x86)\\SAP\\SAP Business One DI API\\JCO\\LIB\\;C:\\Program Files (x86)\\SAP\\SAP Business One DI API\\DI API 90;C:\\Program Files (x86)\\SAP\\SAP Business One\\;C:\\Program Files\\Microsoft SQL Server\\130\\Tools\\Binn\\;C:\\Program Files\\Microsoft SQL Server\\Client SDK\\ODBC\\170\\Tools\\Binn\\;C:\\Program Files\\nodejs\\;C:\\ProgramData\\chocolatey\\bin;C:\\WINDOWS\\system32;C:\\WINDOWS;C:\\WINDOWS\\System32\\Wbem;C:\\WINDOWS\\System32\\WindowsPowerShell\\v1.0\\;C:\\WINDOWS\\System32\\OpenSSH\\;C:\\Program Files\\Git\\cmd;C:\\Program Files (x86)\\Intel\\Intel(R) Management Engine Components\\DAL;C:\\Program Files\\Intel\\Intel(R) Management Engine Components\\DAL;C:\\Users\\loren\\AppData\\Roaming\\Cloud Foundry;C:\\Users\\loren\\AppData\\Local\\Microsoft\\WindowsApps;C:\\Users\\loren\\.dotnet\\tools;C:\\Users\\loren\\AppData\\Roaming\\npm;C:\\Users\\loren\\AppData\\Local\\Microsoft\\WindowsApps;;C:\\Users\\loren\\AppData\\Local\\Programs\\Microsoft VS Code\\bin",
    "PATHEXT": ".COM;.EXE;.BAT;.CMD;.VBS;.VBE;.JS;.JSE;.WSF;.WSH;.MSC;.CPL",
    "PROCESSOR_ARCHITECTURE": "AMD64",
    "PROCESSOR_IDENTIFIER": "Intel64 Family 6 Model 142 Stepping 11, GenuineIntel",
    "PROCESSOR_LEVEL": "6",
    "PROCESSOR_REVISION": "8e0b",
    "ProgramData": "C:\\ProgramData",
    "ProgramFiles": "C:\\Program Files",
    "ProgramFiles(x86)": "C:\\Program Files (x86)",
    "ProgramW6432": "C:\\Program Files",
    "PSModulePath": "C:\\Users\\loren\\Documents\\WindowsPowerShell\\Modules;C:\\Program Files\\WindowsPowerShell\\Modules;C:\\WINDOWS\\system32\\WindowsPowerShell\\v1.0\\Modules;C:\\Program Files (x86)\\Microsoft SQL Server\\140\\Tools\\PowerShell\\Modules\\",
    "PUBLIC": "C:\\Users\\Public",
    "SESSIONNAME": "Console",
    "SystemDrive": "C:",
    "SystemRoot": "C:\\WINDOWS",
    "TEMP": "C:\\Users\\loren\\AppData\\Local\\Temp",
    "TMP": "C:\\Users\\loren\\AppData\\Local\\Temp",
    "USERDOMAIN": "NEOS-LR01",
    "USERDOMAIN_ROAMINGPROFILE": "NEOS-LR01",
    "USERNAME": "loren",
    "USERPROFILE": "C:\\Users\\loren",
    "windir": "C:\\WINDOWS",
    "TERM_PROGRAM": "vscode",
    "TERM_PROGRAM_VERSION": "1.40.1",
    "LANG": "it_IT.UTF-8",
    "COLORTERM": "truecolor"
  },
  "sharedObjects": [
    "C:\\Program Files\\nodejs\\node.exe",
    "C:\\WINDOWS\\SYSTEM32\\ntdll.dll",
    "C:\\WINDOWS\\System32\\KERNEL32.DLL",
    "C:\\WINDOWS\\System32\\KERNELBASE.dll",
    "C:\\WINDOWS\\System32\\WS2_32.dll",
    "C:\\WINDOWS\\System32\\RPCRT4.dll",
    "C:\\WINDOWS\\System32\\ADVAPI32.dll",
    "C:\\WINDOWS\\SYSTEM32\\dbghelp.dll",
    "C:\\WINDOWS\\System32\\msvcrt.dll",
    "C:\\WINDOWS\\System32\\ucrtbase.dll",
    "C:\\WINDOWS\\System32\\sechost.dll",
    "C:\\WINDOWS\\System32\\USER32.dll",
    "C:\\WINDOWS\\System32\\win32u.dll",
    "C:\\WINDOWS\\System32\\GDI32.dll",
    "C:\\WINDOWS\\System32\\gdi32full.dll",
    "C:\\WINDOWS\\System32\\msvcp_win.dll",
    "C:\\WINDOWS\\System32\\PSAPI.DLL",
    "C:\\WINDOWS\\System32\\CRYPT32.dll",
    "C:\\WINDOWS\\System32\\MSASN1.dll",
    "C:\\WINDOWS\\System32\\bcrypt.dll",
    "C:\\WINDOWS\\SYSTEM32\\IPHLPAPI.DLL",
    "C:\\WINDOWS\\SYSTEM32\\USERENV.dll",
    "C:\\WINDOWS\\System32\\profapi.dll",
    "C:\\WINDOWS\\SYSTEM32\\WINMM.dll",
    "C:\\WINDOWS\\SYSTEM32\\winmmbase.dll",
    "C:\\WINDOWS\\System32\\cfgmgr32.dll",
    "C:\\WINDOWS\\System32\\bcryptPrimitives.dll",
    "C:\\WINDOWS\\System32\\IMM32.DLL",
    "C:\\WINDOWS\\System32\\powrprof.dll",
    "C:\\WINDOWS\\System32\\UMPDC.dll",
    "C:\\WINDOWS\\system32\\uxtheme.dll",
    "C:\\WINDOWS\\System32\\combase.dll",
    "C:\\WINDOWS\\system32\\mswsock.dll",
    "C:\\WINDOWS\\System32\\kernel.appcore.dll",
    "C:\\WINDOWS\\SYSTEM32\\CRYPTBASE.DLL",
    "C:\\WINDOWS\\System32\\NSI.dll",
    "C:\\WINDOWS\\SYSTEM32\\dhcpcsvc6.DLL",
    "C:\\WINDOWS\\SYSTEM32\\dhcpcsvc.DLL",
    "C:\\WINDOWS\\SYSTEM32\\DNSAPI.dll",
    "C:\\WINDOWS\\system32\\napinsp.dll",
    "C:\\WINDOWS\\system32\\pnrpnsp.dll",
    "C:\\WINDOWS\\System32\\winrnr.dll",
    "C:\\WINDOWS\\system32\\NLAapi.dll",
    "C:\\WINDOWS\\system32\\wshbth.dll",
    "C:\\Windows\\System32\\rasadhlp.dll",
    "C:\\WINDOWS\\System32\\fwpuclnt.dll"
  ]
}