[{"CardName":"MAYNE INC.","Nazione":"Canada","nCommessa":"1529 MAYNE","prcAcquisti":0.000000,"prcProgettazione":0.000000,"prcMontaggio":0.000000,"prcProduzione":0.000000,"CreateDate":""},{"CardName":"ABC Colorex sp. Z o.o.","Nazione":"Poland","nCommessa":"1553 ABC COLOREX","prcAcquisti":0.000000,"prcProgettazione":0.000000,"prcMontaggio":0.000000,"prcProduzione":0.000000,"CreateDate":""},{"CardName":"TS ALTOTEC GMBH","Nazione":"Austria","nCommessa":"1534 TS ALTOTEC","prcAcquisti":0.000000,"prcProgettazione":0.000000,"prcMontaggio":0.000000,"prcProduzione":0.000000,"CreateDate":""},{"CardName":"COMERCIAL PROVA S.A.","Nazione":"Spain","nCommessa":"1554 COMERCIAL PROVA","prcAcquisti":0.000000,"prcProgettazione":0.000000,"prcMontaggio":0.000000,"prcProduzione":0.000000,"CreateDate":""},{"CardName":"BRESTOBLGAZ UP","Nazione":"Belarus","nCommessa":"1555 OBLGAZ","prcAcquisti":0.000000,"prcProgettazione":0.000000,"prcMontaggio":0.000000,"prcProduzione":0.000000,"CreateDate":""},{"CardName":"VERMETAL SRL","Nazione":"Italia","nCommessa":"1556 VERMETAL","prcAcquisti":0.000000,"prcProgettazione":0.000000,"prcMontaggio":0.000000,"prcProduzione":0.000000,"CreateDate":""},{"CardName":"MCZ GROUP SPA","Nazione":"Italia","nCommessa":"904 MCZ PARTE 4","prcAcquisti":0.000000,"prcProgettazione":0.000000,"prcMontaggio":0.000000,"prcProduzione":0.000000,"CreateDate":""},{"CardName":"MONTEFERRO HRADEK A.S.","Nazione":"Czech Republic","nCommessa":"1557 MONTEFERRO","prcAcquisti":0.000000,"prcProgettazione":0.000000,"prcMontaggio":0.000000,"prcProduzione":0.000000,"CreateDate":""},{"CardName":"DEL MORINO SRL","Nazione":"Italia","nCommessa":"1558 DEL MORINO","prcAcquisti":0.000000,"prcProgettazione":0.000000,"prcMontaggio":0.000000,"prcProduzione":0.000000,"CreateDate":""},{"CardName":"KONTEYNEKS-MONOLIT OOO","Nazione":"Russian Federation","nCommessa":"1559 MONOLIT","prcAcquisti":0.000000,"prcProgettazione":0.000000,"prcMontaggio":0.000000,"prcProduzione":0.000000,"CreateDate":""},{"CardName":"MAYNE INC.","Nazione":"Canada","nCommessa":"1529_P1 MAYNE","prcAcquisti":0.000000,"prcProgettazione":0.000000,"prcMontaggio":0.000000,"prcProduzione":0.000000,"CreateDate":""},{"CardName":"VERMETAL SRL","Nazione":"Italia","nCommessa":"892_P2 VERMETAL","prcAcquisti":0.000000,"prcProgettazione":0.000000,"prcMontaggio":0.000000,"prcProduzione":0.000000,"CreateDate":""},{"CardName":"NPO PROMET OOO","Nazione":"Russian Federation","nCommessa":"1560 PROMET","prcAcquisti":0.000000,"prcProgettazione":0.000000,"prcMontaggio":0.000000,"prcProduzione":0.000000,"CreateDate":""},{"CardName":"Ferrinox Construcciones Metalicas Sl.","Nazione":"Spain","nCommessa":"1561 FERRINOX","prcAcquisti":0.000000,"prcProgettazione":0.000000,"prcMontaggio":0.000000,"prcProduzione":0.000000,"CreateDate":""},{"CardName":"FRACM SPA","Nazione":"Italia","nCommessa":"1562 FRACM","prcAcquisti":0.000000,"prcProgettazione":0.000000,"prcMontaggio":0.000000,"prcProduzione":0.000000,"CreateDate":""},{"CardName":"PRIMALUM CANALES SL","Nazione":"Spain","nCommessa":"1477_P1 PRIMALUM","prcAcquisti":0.000000,"prcProgettazione":0.000000,"prcMontaggio":0.000000,"prcProduzione":0.000000,"CreateDate":""},{"CardName":"UNITED STATES DOOR EQUIPMENT Corp.","Nazione":"USA","nCommessa":"1563 USDE","prcAcquisti":0.000000,"prcProgettazione":0.000000,"prcMontaggio":0.000000,"prcProduzione":0.000000,"CreateDate":""},{"CardName":"LOCHMANN CABINE SRL","Nazione":"Italia","nCommessa":"571_P3 LOCHMANN","prcAcquisti":0.000000,"prcProgettazione":0.000000,"prcMontaggio":0.000000,"prcProduzione":0.000000,"CreateDate":""},{"CardName":"EMU GROUP S.P.A.","Nazione":"Italia","nCommessa":"1564 EMU","prcAcquisti":0.000000,"prcProgettazione":0.000000,"prcMontaggio":0.000000,"prcProduzione":0.000000,"CreateDate":""},{"CardName":"ANGELO Oberflächentechnik GmbH","Nazione":"Germany","nCommessa":"1565 ANGELO OFT","prcAcquisti":0.000000,"prcProgettazione":0.000000,"prcMontaggio":0.000000,"prcProduzione":0.000000,"CreateDate":""},{"CardName":"INTRA LIGHTING D.O.O.","Nazione":"Slovenia","nCommessa":"1566 INTRA LIGHTING","prcAcquisti":0.000000,"prcProgettazione":0.000000,"prcMontaggio":0.000000,"prcProduzione":0.000000,"CreateDate":""},{"CardName":"HC VERNICIATURE SNC DI CORSO ROBERTO E HYSENAJ IRAKLI","Nazione":"Italia","nCommessa":"1449 P1 HC VERNICIAT","prcAcquisti":10.000000,"prcProgettazione":15.000000,"prcMontaggio":0.000000,"prcProduzione":0.000000,"CreateDate":""},{"CardName":"RB SRL","Nazione":"Italia","nCommessa":"1567 RB","prcAcquisti":0.000000,"prcProgettazione":0.000000,"prcMontaggio":0.000000,"prcProduzione":0.000000,"CreateDate":""},{"CardName":"CAMIC SRL","Nazione":"Italia","nCommessa":"1568 CAMIC","prcAcquisti":0.000000,"prcProgettazione":0.000000,"prcMontaggio":0.000000,"prcProduzione":0.000000,"CreateDate":""},{"CardName":"MOLLIFICIO BORDIGNON SRL","Nazione":"Italia","nCommessa":"1569 MOLLIFICIO BORD","prcAcquisti":0.000000,"prcProgettazione":0.000000,"prcMontaggio":0.000000,"prcProduzione":0.000000,"CreateDate":""},{"CardName":"LD seating s.r.o.","Nazione":"Czech Republic","nCommessa":"1570 LD SEATING","prcAcquisti":0.000000,"prcProgettazione":0.000000,"prcMontaggio":0.000000,"prcProduzione":0.000000,"CreateDate":""},{"CardName":"WINDOW WORLD S.A.","Nazione":"Ecuador","nCommessa":"1571 WINDOW WORLD","prcAcquisti":0.000000,"prcProgettazione":0.000000,"prcMontaggio":0.000000,"prcProduzione":0.000000,"CreateDate":""},{"CardName":"MODULA INC.","Nazione":"USA","nCommessa":"1572 MODULA","prcAcquisti":0.000000,"prcProgettazione":0.000000,"prcMontaggio":0.000000,"prcProduzione":0.000000,"CreateDate":""},{"CardName":"TREBISONDA SRL","Nazione":"Italia","nCommessa":"1573 TREBISONDA","prcAcquisti":0.000000,"prcProgettazione":0.000000,"prcMontaggio":0.000000,"prcProduzione":0.000000,"CreateDate":""},{"CardName":"HANO d.o.o. Sarajevo","Nazione":"Bosnia-Herzegovina","nCommessa":"1574 HANO","prcAcquisti":0.000000,"prcProgettazione":0.000000,"prcMontaggio":0.000000,"prcProduzione":0.000000,"CreateDate":""},{"CardName":"I.M.T. INDUSTRIA MECCANICA TRISSINESE SRL","Nazione":"Italia","nCommessa":"1551_P1 IMT","prcAcquisti":0.000000,"prcProgettazione":0.000000,"prcMontaggio":0.000000,"prcProduzione":0.000000,"CreateDate":""},{"CardName":"Aplicaciones Técnicas del Poliester SA","Nazione":"Spain","nCommessa":"1575 ATP","prcAcquisti":0.000000,"prcProgettazione":0.000000,"prcMontaggio":0.000000,"prcProduzione":0.000000,"CreateDate":""},{"CardName":"SETROC Manufacturas Metálicas SL","Nazione":"Spain","nCommessa":"1576 SETROC","prcAcquisti":0.000000,"prcProgettazione":0.000000,"prcMontaggio":0.000000,"prcProduzione":0.000000,"CreateDate":""},{"CardName":"TROX ESPAÑA SA","Nazione":"Spain","nCommessa":"1577 TROX","prcAcquisti":0.000000,"prcProgettazione":0.000000,"prcMontaggio":0.000000,"prcProduzione":0.000000,"CreateDate":""},{"CardName":"GRUPO GALIS PADEL SL","Nazione":"Spain","nCommessa":"1578 GRUPOGALISPADEL","prcAcquisti":0.000000,"prcProgettazione":0.000000,"prcMontaggio":0.000000,"prcProduzione":0.000000,"CreateDate":""},{"CardName":"TEXNOPARK LLC","Nazione":"Uzbekistan","nCommessa":"1579 TEXNOPARK","prcAcquisti":0.000000,"prcProgettazione":0.000000,"prcMontaggio":0.000000,"prcProduzione":0.000000,"CreateDate":""},{"CardName":"SIT SPA","Nazione":"Italia","nCommessa":"1039_P2 SIT","prcAcquisti":0.000000,"prcProgettazione":0.000000,"prcMontaggio":0.000000,"prcProduzione":0.000000,"CreateDate":""},{"CardName":"NINZ SPA","Nazione":"Italia","nCommessa":"1580 NINZ","prcAcquisti":0.000000,"prcProgettazione":0.000000,"prcMontaggio":0.000000,"prcProduzione":0.000000,"CreateDate":""},{"CardName":"S.C. INATTICA BUSINESS GRUP S.R.L.","Nazione":"Romania","nCommessa":"1581 INATTICA","prcAcquisti":0.000000,"prcProgettazione":0.000000,"prcMontaggio":0.000000,"prcProduzione":0.000000,"CreateDate":""},{"CardName":"Protecciones Y Lacados Sl","Nazione":"Spain","nCommessa":"1582 PROTECCIONES","prcAcquisti":0.000000,"prcProgettazione":0.000000,"prcMontaggio":0.000000,"prcProduzione":0.000000,"CreateDate":""},{"CardName":"PAD COLOR SRL","Nazione":"Italia","nCommessa":"1583 PAD COLOR","prcAcquisti":0.000000,"prcProgettazione":0.000000,"prcMontaggio":0.000000,"prcProduzione":0.000000,"CreateDate":""},{"CardName":"GAVIOTA SIMBAC MIDDLE EAST S.A.L.","Nazione":"Lebanon","nCommessa":"1584 GAVIOTA","prcAcquisti":0.000000,"prcProgettazione":0.000000,"prcMontaggio":0.000000,"prcProduzione":0.000000,"CreateDate":""},{"CardName":"VERINDPLAST SRL","Nazione":"Italia","nCommessa":"1585 VERINDSPLAST","prcAcquisti":0.000000,"prcProgettazione":0.000000,"prcMontaggio":0.000000,"prcProduzione":0.000000,"CreateDate":""},{"CardName":"Lacados Guia SL","Nazione":"Spain","nCommessa":"1586 LACADOS GUIA","prcAcquisti":0.000000,"prcProgettazione":0.000000,"prcMontaggio":0.000000,"prcProduzione":0.000000,"CreateDate":""},{"CardName":"LMZ UNIVERSAL","Nazione":"Belarus","nCommessa":"1587 LMZ","prcAcquisti":0.000000,"prcProgettazione":0.000000,"prcMontaggio":0.000000,"prcProduzione":0.000000,"CreateDate":""},{"CardName":"VERMETAL SRL","Nazione":"Italia","nCommessa":"827 P1 VERMETAL","prcAcquisti":0.000000,"prcProgettazione":0.000000,"prcMontaggio":0.000000,"prcProduzione":0.000000,"CreateDate":""},{"CardName":"PASTURI SRL","Nazione":"Italia","nCommessa":"1442 PASTURI","prcAcquisti":0.000000,"prcProgettazione":0.000000,"prcMontaggio":0.000000,"prcProduzione":0.000000,"CreateDate":""},{"CardName":"STOBAG North America Corp.","Nazione":"Canada","nCommessa":"1588 STOBAG NORTH","prcAcquisti":0.000000,"prcProgettazione":0.000000,"prcMontaggio":0.000000,"prcProduzione":0.000000,"CreateDate":""},{"CardName":"PWPOT - PROMONT SP. Z. O.O.","Nazione":"Poland","nCommessa":"941_P4 PROMONT","prcAcquisti":0.000000,"prcProgettazione":0.000000,"prcMontaggio":0.000000,"prcProduzione":0.000000,"CreateDate":""},{"CardName":"METAL PAINT DI RAFFAELLA CIARAMICOLI & C. SAS","Nazione":"Italia","nCommessa":"01_METAL PAINT","prcAcquisti":0.000000,"prcProgettazione":0.000000,"prcMontaggio":0.000000,"prcProduzione":0.000000,"CreateDate":""},{"CardName":"TASSO SRL","Nazione":"Italia","nCommessa":"1445 TASSO","prcAcquisti":0.000000,"prcProgettazione":0.000000,"prcMontaggio":0.000000,"prcProduzione":0.000000,"CreateDate":""},{"CardName":"GOMA ELETTRONICA SPA","Nazione":"Italia","nCommessa":"567_P3 GOMA ELETTRON","prcAcquisti":0.000000,"prcProgettazione":0.000000,"prcMontaggio":0.000000,"prcProduzione":0.000000,"CreateDate":""},{"CardName":"DGCOLOR SRL","Nazione":"Italia","nCommessa":"1107 P5 DG COLOR","prcAcquisti":0.000000,"prcProgettazione":0.000000,"prcMontaggio":0.000000,"prcProduzione":0.000000,"CreateDate":""},{"CardName":"DGCOLOR SRL","Nazione":"Italia","nCommessa":"1107 P6 DG COLOR","prcAcquisti":0.000000,"prcProgettazione":0.000000,"prcMontaggio":0.000000,"prcProduzione":0.000000,"CreateDate":""},{"CardName":"VERNICIATURA BOLOGNESE SRL","Nazione":"Italia","nCommessa":"1590 VERN. BOLOGNESE","prcAcquisti":0.000000,"prcProgettazione":0.000000,"prcMontaggio":0.000000,"prcProduzione":0.000000,"CreateDate":""},{"CardName":"CUPRUM SA DE CV","Nazione":"Mexico","nCommessa":"1591 CUPRUM","prcAcquisti":0.000000,"prcProgettazione":0.000000,"prcMontaggio":0.000000,"prcProduzione":0.000000,"CreateDate":""}]